Full_Name,First_Name,Last Name
Troy Marinello,Troy,Marinello
Brianna Kealey,Brianna,Kealey
Jade Gruner,Jade,Gruner
Alta Mccollough,Alta,Mccollough
Cristy Lipp,Cristy,Lipp
Robyn Abramson,Robyn,Abramson
Michelina Vicks,Michelina,Vicks
Sara Stuhr,Sara,Stuhr
Sabrina Schomer,Sabrina,Schomer
Miriam Deanda,Miriam,Deanda
Kathie Hamaker,Kathie,Hamaker
Todd Eckhoff,Todd,Eckhoff
Marge Dinges,Marge,Dinges
Kym Hartin,Kym,Hartin
Farah Koerner,Farah,Koerner
Regena Gerardi,Regena,Gerardi
Cassidy Cavins,Cassidy,Cavins
Julissa Commons,Julissa,Commons
Werner Noyola,Werner,Noyola
Hillary Whitely,Hillary,Whitely
Beau Fickes,Beau,Fickes
Jong Wolfe,Jong,Wolfe
Tobias Boyd,Tobias,Boyd
Bruna Bays,Bruna,Bays
Wynona Harder,Wynona,Harder
Doretta Gorton,Doretta,Gorton
Pearl Spafford,Pearl,Spafford
Tran Barns,Tran,Barns
Diane Esper,Diane,Esper
Erline Vandermolen,Erline,Vandermolen
Sam Bonnette,Sam,Bonnette
Alaina Stilts,Alaina,Stilts
Andreas Booze,Andreas,Booze
Fumiko Gullo,Fumiko,Gullo
Julieta Meeks,Julieta,Meeks
Gavin Keaney,Gavin,Keaney
Millie Nazzaro,Millie,Nazzaro
Evelynn Neil,Evelynn,Neil
Noble Horiuchi,Noble,Horiuchi
Jacquline Spinks,Jacquline,Spinks
Denyse Stanforth,Denyse,Stanforth
Ed Yelvington,Ed,Yelvington
Sarina Dionne,Sarina,Dionne
Delphine Gonce,Delphine,Gonce
Wan Sealy,Wan,Sealy
Petronila Verde,Petronila,Verde
Rose Brickman,Rose,Brickman
Serita Mcentyre,Serita,Mcentyre
Brenna Ruffo,Brenna,Ruffo
Mason Pfaff,Mason,Pfaff
Rosario Hodgin,Rosario,Hodgin
Phyliss Dyess,Phyliss,Dyess
Kellye Mahan,Kellye,Mahan
Cherryl Cervone,Cherryl,Cervone
Crystal Jasso,Crystal,Jasso
Adela Chittenden,Adela,Chittenden
Albertina Wycoff,Albertina,Wycoff
Twyla Craver,Twyla,Craver
Larae Sabourin,Larae,Sabourin
Leota Collard,Leota,Collard
Kathe Epps,Kathe,Epps
Kimberli Lumsden,Kimberli,Lumsden
Oralia Ferrer,Oralia,Ferrer
Xiao Beckstead,Xiao,Beckstead
Zulma Spada,Zulma,Spada
Ciera Schuett,Ciera,Schuett
Rubie Cruikshank,Rubie,Cruikshank
Lacy Pia,Lacy,Pia
Emory Barretta,Emory,Barretta
Don Barela,Don,Barela
Bee Guzik,Bee,Guzik
Jolanda Montejano,Jolanda,Montejano
Rosetta Haugland,Rosetta,Haugland
Erinn Laxson,Erinn,Laxson
Delois Caban,Delois,Caban
Haywood Bradt,Haywood,Bradt
Renae Mcallister,Renae,Mcallister
Ismael Quincy,Ismael,Quincy
Renna Knarr,Renna,Knarr
Jayne Braddock,Jayne,Braddock
Lois Delia,Lois,Delia
Louisa Tarr,Louisa,Tarr
Kristina Stonesifer,Kristina,Stonesifer
Cristie Drexler,Cristie,Drexler
Yessenia Sigmund,Yessenia,Sigmund
Myriam Mckinstry,Myriam,Mckinstry
Kassie Fultz,Kassie,Fultz
Alphonse Beckwith,Alphonse,Beckwith
Merlyn Flanders,Merlyn,Flanders
Janella Classen,Janella,Classen
Sue Walch,Sue,Walch
Shemeka Keane,Shemeka,Keane
Antonia Core,Antonia,Core
Lauri Hopping,Lauri,Hopping
Dominick Devore,Dominick,Devore
Joline Krier,Joline,Krier
Lissa Fulop,Lissa,Fulop
Jessenia Butera,Jessenia,Butera
Wilbert Trussell,Wilbert,Trussell
Tommie Sheridan,Tommie,Sheridan
Caterina Bronner,Caterina,Bronner
Christy Walthall,Christy,Walthall
Lyla Hagen,Lyla,Hagen
Armida Correira,Armida,Correira
Patrica Malatesta,Patrica,Malatesta
Lucio Martinsen,Lucio,Martinsen
Lino Dimuzio,Lino,Dimuzio
Millard Carlyle,Millard,Carlyle
Letitia Ottman,Letitia,Ottman
Tameika Cordova,Tameika,Cordova
Star Brierly,Star,Brierly
Deonna Artiaga,Deonna,Artiaga
Kiyoko Sinner,Kiyoko,Sinner
Phung Pedroza,Phung,Pedroza
Ann Drucker,Ann,Drucker
Frank Lucius,Frank,Lucius
Shan Sievert,Shan,Sievert
Lakenya Garrels,Lakenya,Garrels
Chong Gean,Chong,Gean
Caridad Mozee,Caridad,Mozee
Melodee Mooneyham,Melodee,Mooneyham
Janene Whisman,Janene,Whisman
Sergio Carlock,Sergio,Carlock
Gennie Meagher,Gennie,Meagher
Dalton Ree,Dalton,Ree
Olga Seales,Olga,Seales
Vernell Dewolfe,Vernell,Dewolfe
Kathy Crothers,Kathy,Crothers
Meagan Alaimo,Meagan,Alaimo
Cristobal Buchanan,Cristobal,Buchanan
Domenica Mora,Domenica,Mora
Leone Slusher,Leone,Slusher
Yuonne Mishler,Yuonne,Mishler
Jeanene Ellingwood,Jeanene,Ellingwood
Dudley Evett,Dudley,Evett
Ruthann Grange,Ruthann,Grange
See Goosby,See,Goosby
Mathilda Wulf,Mathilda,Wulf
Charlesetta Campas,Charlesetta,Campas
Raven Chicoine,Raven,Chicoine
Michal Cowens,Michal,Cowens
Ethelyn Brittingham,Ethelyn,Brittingham
Delisa Picken,Delisa,Picken
January Orton,January,Orton
Loraine Avery,Loraine,Avery
Aida Hartnett,Aida,Hartnett
Karisa Heather,Karisa,Heather
Flor Wronski,Flor,Wronski
Joellen Wineinger,Joellen,Wineinger
Temple Wildman,Temple,Wildman
Jeffrey Martinek,Jeffrey,Martinek
Elyse Mcvay,Elyse,Mcvay
Denita Diede,Denita,Diede
Venetta Herandez,Venetta,Herandez
Jaqueline Hertlein,Jaqueline,Hertlein
Fay Hirst,Fay,Hirst
Inge Hunkins,Inge,Hunkins
Maegan Deloera,Maegan,Deloera
Bessie Chaires,Bessie,Chaires
Antone Broadfoot,Antone,Broadfoot
Kaye Ringer,Kaye,Ringer
Jeromy Guyette,Jeromy,Guyette
Shakira Alcaraz,Shakira,Alcaraz
Cherelle Ulman,Cherelle,Ulman
Deann Bady,Deann,Bady
Willow Joseph,Willow,Joseph
Irmgard Weary,Irmgard,Weary
Stephen Schon,Stephen,Schon
Edyth Bannerman,Edyth,Bannerman
Kayce Porche,Kayce,Porche
Damian Kaminsky,Damian,Kaminsky
Lloyd Pearse,Lloyd,Pearse
Stefani Williams,Stefani,Williams
Vania Casarez,Vania,Casarez
Jorge Alligood,Jorge,Alligood
Darrin Goldstein,Darrin,Goldstein
Aldo Krantz,Aldo,Krantz
Corrin Casa,Corrin,Casa
Elenor Formica,Elenor,Formica
Jessica Sadberry,Jessica,Sadberry
Bulah Gaydos,Bulah,Gaydos
Zachery Stembridge,Zachery,Stembridge
Le Ascher,Le,Ascher
Jennell Wolfram,Jennell,Wolfram
Keshia Hermes,Keshia,Hermes
Josephina Sudler,Josephina,Sudler
Rutha Hotard,Rutha,Hotard
Joseph Bartley,Joseph,Bartley
Trula Talton,Trula,Talton
Molly Sparrow,Molly,Sparrow
Racheal Abdo,Racheal,Abdo
Jenni Newson,Jenni,Newson
Hazel Remo,Hazel,Remo
Mireille Rappaport,Mireille,Rappaport
Danette Wooley,Danette,Wooley
Allen Peachey,Allen,Peachey
Ivey Carrigan,Ivey,Carrigan
Valorie Garfield,Valorie,Garfield
Kami Burbage,Kami,Burbage
Shiela Valentine,Shiela,Valentine
Myrtle Demming,Myrtle,Demming
Cheryll Bran,Cheryll,Bran
Ramona Duenes,Ramona,Duenes
Briana Kimura,Briana,Kimura
Charis Feeney,Charis,Feeney
Sidney Curatolo,Sidney,Curatolo
Pearline Sliter,Pearline,Sliter
Chad Schoenfeld,Chad,Schoenfeld
Lady Sterling,Lady,Sterling
Deetta Zorn,Deetta,Zorn
Rolande Oboyle,Rolande,Oboyle
Nicole Einhorn,Nicole,Einhorn
Zaida Mcgaughey,Zaida,Mcgaughey
Lissette Baisden,Lissette,Baisden
Roseline Winegar,Roseline,Winegar
Saul Sapien,Saul,Sapien
Raymon Walraven,Raymon,Walraven
Rufus Koser,Rufus,Koser
Jarred Goates,Jarred,Goates
Jane Aoki,Jane,Aoki
Annika Jacks,Annika,Jacks
Tarra Fazio,Tarra,Fazio
Shelli Goldberg,Shelli,Goldberg
Roslyn Rosenberger,Roslyn,Rosenberger
Kristen Hartranft,Kristen,Hartranft
Osvaldo Helvey,Osvaldo,Helvey
Glinda Achorn,Glinda,Achorn
Dione Rolling,Dione,Rolling
Thomasine Stockstill,Thomasine,Stockstill
Marvis Laughlin,Marvis,Laughlin
Meridith Messinger,Meridith,Messinger
Micheline Spohn,Micheline,Spohn
Mika Grimes,Mika,Grimes
Dahlia Simeon,Dahlia,Simeon
Ariel Boulden,Ariel,Boulden
Vickey Nims,Vickey,Nims
Glynis Jagodzinski,Glynis,Jagodzinski
Timothy Lukach,Timothy,Lukach
Cesar Landon,Cesar,Landon
Hilda Stecker,Hilda,Stecker
Herbert Gutirrez,Herbert,Gutirrez
Cleta Cowie,Cleta,Cowie
Jules Engelhard,Jules,Engelhard
Winona Umfleet,Winona,Umfleet
Noah Vigna,Noah,Vigna
Sanford Vosburg,Sanford,Vosburg
Ulysses Jeanlouis,Ulysses,Jeanlouis
Benjamin Jelley,Benjamin,Jelley
Pa Weldy,Pa,Weldy
Kera Olmeda,Kera,Olmeda
Lowell Wiers,Lowell,Wiers
Pearly Hensley,Pearly,Hensley
Janis Pratico,Janis,Pratico
Crysta Dehoyos,Crysta,Dehoyos
Theron Tew,Theron,Tew
Nicolas Strelow,Nicolas,Strelow
Tonette Saylor,Tonette,Saylor
Cathleen Mullin,Cathleen,Mullin
Marcell Inniss,Marcell,Inniss
Melissa Cistrunk,Melissa,Cistrunk
Monique Pakele,Monique,Pakele
Branda Rubalcaba,Branda,Rubalcaba
Stacee Sebesta,Stacee,Sebesta
Eldridge Carns,Eldridge,Carns
Ria Monte,Ria,Monte
Mckinley Reece,Mckinley,Reece
Evelyne Richeson,Evelyne,Richeson
Foster Chasse,Foster,Chasse
Elizabet Sorge,Elizabet,Sorge
Dannie Laduke,Dannie,Laduke
Keli Wenner,Keli,Wenner
Audria Ertl,Audria,Ertl
Jerome Robey,Jerome,Robey
Elenora Redel,Elenora,Redel
Delpha Mellinger,Delpha,Mellinger
Salley Corp,Salley,Corp
Stepanie Minier,Stepanie,Minier
Roselia Meaux,Roselia,Meaux
Sabina Willer,Sabina,Willer
Dorene Nuss,Dorene,Nuss
Trena Roiger,Trena,Roiger
Doreen Rosenau,Doreen,Rosenau
Bettye Rummage,Bettye,Rummage
Letty Galbraith,Letty,Galbraith
Juliette Neher,Juliette,Neher
Michale Maio,Michale,Maio
Waldo Mcgehee,Waldo,Mcgehee
Karon Whiting,Karon,Whiting
Illa Isham,Illa,Isham
Jonas Kinser,Jonas,Kinser
Lakendra Tomson,Lakendra,Tomson
Trent Edens,Trent,Edens
Arletha Orta,Arletha,Orta
Mabel Batz,Mabel,Batz
Vicky Popejoy,Vicky,Popejoy
Benedict Gainey,Benedict,Gainey
Roberto Antonio,Roberto,Antonio
Gertie Cerrato,Gertie,Cerrato
Britt Avilez,Britt,Avilez
Sylvia Hanke,Sylvia,Hanke
Rodney Weinert,Rodney,Weinert
Dionna Farris,Dionna,Farris
Signe Brasel,Signe,Brasel
Monserrate Rathbone,Monserrate,Rathbone
Marcelene Wiegand,Marcelene,Wiegand
Sandi Brendle,Sandi,Brendle
Fernanda Kidder,Fernanda,Kidder
Herminia Bassett,Herminia,Bassett
Haley Micco,Haley,Micco
Magaret Manos,Magaret,Manos
Jessia Culligan,Jessia,Culligan
Lanell Segundo,Lanell,Segundo
Edmund Tiffany,Edmund,Tiffany
Armando Meraz,Armando,Meraz
Gary Soliman,Gary,Soliman
Kris Silvers,Kris,Silvers
Seema Leger,Seema,Leger
Katharyn Tarleton,Katharyn,Tarleton
Rima Mcmillon,Rima,Mcmillon
Mariann Chabot,Mariann,Chabot
Reynaldo Coley,Reynaldo,Coley
Jammie Mainor,Jammie,Mainor
Agueda Presswood,Agueda,Presswood
Margarita Swart,Margarita,Swart
Ward Hohl,Ward,Hohl
Edmundo Dowless,Edmundo,Dowless
Kirstie Miles,Kirstie,Miles
Billye Binns,Billye,Binns
Bert Deppen,Bert,Deppen
Jenelle Rugh,Jenelle,Rugh
Sharolyn Chiasson,Sharolyn,Chiasson
Carina Zacarias,Carina,Zacarias
Yolande Rakestraw,Yolande,Rakestraw
Margaretta Hansel,Margaretta,Hansel
Tonda Troy,Tonda,Troy
Claudette Spargo,Claudette,Spargo
Anika Pavao,Anika,Pavao
Hong Matthias,Hong,Matthias
Verlie Behn,Verlie,Behn
Selena Davalos,Selena,Davalos
Larita Kimes,Larita,Kimes
Merle Hafer,Merle,Hafer
Anastasia Oloughlin,Anastasia,Oloughlin
Martina Birdsell,Martina,Birdsell
Chase Peppler,Chase,Peppler
Marina Chennault,Marina,Chennault
Joeann Folks,Joeann,Folks
Lan Papineau,Lan,Papineau
Kattie Goto,Kattie,Goto
Talitha Taranto,Talitha,Taranto
Anne Glad,Anne,Glad
Regan Halliburton,Regan,Halliburton
Albina Sieber,Albina,Sieber
Afton Darity,Afton,Darity
Selene Tolbert,Selene,Tolbert
Gisele Korth,Gisele,Korth
Adrian Basaldua,Adrian,Basaldua
Cinda Rathman,Cinda,Rathman
Cruz Stec,Cruz,Stec
Leontine Folk,Leontine,Folk
Virgilio Toone,Virgilio,Toone
Claris Allsup,Claris,Allsup
Lance Jennison,Lance,Jennison
Mae Mudge,Mae,Mudge
Toni Motton,Toni,Motton
Madie Abdul,Madie,Abdul
Kimberlie Glascock,Kimberlie,Glascock
Vilma Nish,Vilma,Nish
Eden Jerry,Eden,Jerry
Delorse Haughton,Delorse,Haughton
Maya Gass,Maya,Gass
Lyndia Rough,Lyndia,Rough
Darrel Swett,Darrel,Swett
Wanita Lingle,Wanita,Lingle
Rosalie Dollar,Rosalie,Dollar
Dolly Onofrio,Dolly,Onofrio
Cara Durr,Cara,Durr
Lulu Cappello,Lulu,Cappello
Maxie Heineman,Maxie,Heineman
Jamie Stall,Jamie,Stall
Destiny Badillo,Destiny,Badillo
Rosalind Bourne,Rosalind,Bourne
Elma Alix,Elma,Alix
Janita Fowler,Janita,Fowler
Major Dimaio,Major,Dimaio
Coralie Medel,Coralie,Medel
Joie Tyer,Joie,Tyer
Lauren Chancellor,Lauren,Chancellor
Roseanne Conely,Roseanne,Conely
Jamal Pedrosa,Jamal,Pedrosa
Sierra Risk,Sierra,Risk
Irish Hosea,Irish,Hosea
Kenisha Browning,Kenisha,Browning
Fredda Tagg,Fredda,Tagg
Katherine Brook,Katherine,Brook
Harriette Gillam,Harriette,Gillam
Cherri Saver,Cherri,Saver
China Alverez,China,Alverez
Felipa Murga,Felipa,Murga
Milford Sudduth,Milford,Sudduth
Nigel Boone,Nigel,Boone
Dominica Knott,Dominica,Knott
Ara Hoch,Ara,Hoch
Melany Selph,Melany,Selph
Evie Gutowski,Evie,Gutowski
Emerita Bence,Emerita,Bence
Vicente Lum,Vicente,Lum
Charisse Bodner,Charisse,Bodner
Delfina Springfield,Delfina,Springfield
Arlie Peeples,Arlie,Peeples
Felice Cadwallader,Felice,Cadwallader
Domenic Fulmore,Domenic,Fulmore
Shea Rehberg,Shea,Rehberg
Trudie Satchell,Trudie,Satchell
Micha Lastra,Micha,Lastra
Pablo Danna,Pablo,Danna
Niesha Capron,Niesha,Capron
Raquel Cansler,Raquel,Cansler
Nancy Shaffer,Nancy,Shaffer
Mirna Wexler,Mirna,Wexler
Freddy Schroeter,Freddy,Schroeter
Trina Arce,Trina,Arce
Elmo Crittenden,Elmo,Crittenden
Arnoldo Buckley,Arnoldo,Buckley
Agustin Cantley,Agustin,Cantley
Clarinda Bey,Clarinda,Bey
Alex Wisecarver,Alex,Wisecarver
Vada Paik,Vada,Paik
Suzie Blumenthal,Suzie,Blumenthal
Erlinda Rhoton,Erlinda,Rhoton
Milan Groom,Milan,Groom
Jeffie Prine,Jeffie,Prine
Delbert Sable,Delbert,Sable
Louella Kagan,Louella,Kagan
Piedad Mcmann,Piedad,Mcmann
Daryl Torain,Daryl,Torain
Tonia Burnette,Tonia,Burnette
Moises Toney,Moises,Toney
Audrey Mcroberts,Audrey,Mcroberts
Shandi Lemon,Shandi,Lemon
Vanita Hollandsworth,Vanita,Hollandsworth
Shannon Anello,Shannon,Anello
Al Huitt,Al,Huitt
Tommy Ferrell,Tommy,Ferrell
Leida Nickerson,Leida,Nickerson
Georgiann Beecroft,Georgiann,Beecroft
Treva Traywick,Treva,Traywick
Dorine Tremaine,Dorine,Tremaine
Ji Krieg,Ji,Krieg
Tomas Steffes,Tomas,Steffes
Florinda Boyes,Florinda,Boyes
Gillian Gathers,Gillian,Gathers
Dillon Malave,Dillon,Malave
Beverly Mushrush,Beverly,Mushrush
Ingrid Verduzco,Ingrid,Verduzco
Maira Plaisance,Maira,Plaisance
Sid Mackey,Sid,Mackey
Harland Genova,Harland,Genova
Lucina Spano,Lucina,Spano
Tami Naslund,Tami,Naslund
Penny Gierlach,Penny,Gierlach
Shelby Dupler,Shelby,Dupler
Tyron Klinge,Tyron,Klinge
Edda Claflin,Edda,Claflin
Queenie Rehman,Queenie,Rehman
Gayle Wiesen,Gayle,Wiesen
Zelda Helmer,Zelda,Helmer
Moira Weiland,Moira,Weiland
Columbus Klemm,Columbus,Klemm
Deedra Bernardo,Deedra,Bernardo
Yajaira Mansell,Yajaira,Mansell
Leif Truelove,Leif,Truelove
Madelyn Ciulla,Madelyn,Ciulla
Carmelo Demaio,Carmelo,Demaio
Debbra Roosa,Debbra,Roosa
Willene Hochman,Willene,Hochman
Zana Eberly,Zana,Eberly
Leonel Ricco,Leonel,Ricco
Alesia Sabia,Alesia,Sabia
Bart Hanning,Bart,Hanning
Jarrett Galentine,Jarrett,Galentine
Stacey Leo,Stacey,Leo
Francine Roy,Francine,Roy
Deadra Bono,Deadra,Bono
Katerine Reisman,Katerine,Reisman
Jene Laubscher,Jene,Laubscher
Lorelei Greenbaum,Lorelei,Greenbaum
Solange Stoops,Solange,Stoops
Kendrick Lurie,Kendrick,Lurie
Deandra Starner,Deandra,Starner
Beata Berlin,Beata,Berlin
Modesta Haglund,Modesta,Haglund
Mandi Freese,Mandi,Freese
Hugh Lollar,Hugh,Lollar
Gladys Turnipseed,Gladys,Turnipseed
Numbers Cantero,Numbers,Cantero
Edythe Brune,Edythe,Brune
Nelle Koff,Nelle,Koff
Gemma Ceja,Gemma,Ceja
Jeana Krebbs,Jeana,Krebbs
Sabine Theis,Sabine,Theis
Colin Covarrubias,Colin,Covarrubias
Johnsie Chenard,Johnsie,Chenard
Yvonne Schleifer,Yvonne,Schleifer
Kiera Bryden,Kiera,Bryden
Janell Mcfarlane,Janell,Mcfarlane
Leslee Harold,Leslee,Harold
Carole Shevlin,Carole,Shevlin
Adrianna Castelli,Adrianna,Castelli
Larissa Lovelady,Larissa,Lovelady
Darrell Socha,Darrell,Socha
Delaine Darrington,Delaine,Darrington
Albert Ferrara,Albert,Ferrara
Gene Eddinger,Gene,Eddinger
Sherice Monteiro,Sherice,Monteiro
Kenyetta Delk,Kenyetta,Delk
Guillermina Neblett,Guillermina,Neblett
Elise Perrin,Elise,Perrin
Ermelinda Sholar,Ermelinda,Sholar
Patrice Kolb,Patrice,Kolb
Daniela Fabian,Daniela,Fabian
Gilbert Nolen,Gilbert,Nolen
Desire Cornejo,Desire,Cornejo
Gerald Girardin,Gerald,Girardin
Ralph Mcpherson,Ralph,Mcpherson
Tana Breeden,Tana,Breeden
Londa Harmer,Londa,Harmer
Anita Dix,Anita,Dix
Neely Sevier,Neely,Sevier
Eliza Laury,Eliza,Laury
Harvey Konopka,Harvey,Konopka
Charley Rowley,Charley,Rowley
Jerald Render,Jerald,Render
Lucinda Gaumer,Lucinda,Gaumer
Shila Calvo,Shila,Calvo
Bette Szczepanski,Bette,Szczepanski
Tabetha Kleist,Tabetha,Kleist
Emmitt Vanpatten,Emmitt,Vanpatten
Glennis Mcintire,Glennis,Mcintire
Lenita Ralston,Lenita,Ralston
Devora Vandam,Devora,Vandam
Charise Lan,Charise,Lan
Alva Goodyear,Alva,Goodyear
Lynetta Sterner,Lynetta,Sterner
Dorian Drone,Dorian,Drone
Eva Divens,Eva,Divens
Shanel Quintanar,Shanel,Quintanar
Kimberely Stretch,Kimberely,Stretch
Felisha Dehart,Felisha,Dehart
Alison Straight,Alison,Straight
Wilford Gidley,Wilford,Gidley
Vicenta Shorter,Vicenta,Shorter
Penelope Streeter,Penelope,Streeter
Tess Hobaugh,Tess,Hobaugh
Weston Dwyer,Weston,Dwyer
Dung Gao,Dung,Gao
Garry Swasey,Garry,Swasey
Kecia Rosenbalm,Kecia,Rosenbalm
Alvina Hannaman,Alvina,Hannaman
Odette Holzer,Odette,Holzer
Antonette Alamo,Antonette,Alamo
Mellissa Payne,Mellissa,Payne
Marcel Suire,Marcel,Suire
Alina Rhoades,Alina,Rhoades
Elly Leep,Elly,Leep
Denna Rehkop,Denna,Rehkop
Marcelina Seegmiller,Marcelina,Seegmiller
Dorthea Phinney,Dorthea,Phinney
Rosenda Morado,Rosenda,Morado
Buddy Lowrey,Buddy,Lowrey
Leonora Carlon,Leonora,Carlon
Idalia Viau,Idalia,Viau
Stefan Bohman,Stefan,Bohman
Floretta Mcie,Floretta,Mcie
Lilly Burfield,Lilly,Burfield
Celestine Colligan,Celestine,Colligan
Shawna Frey,Shawna,Frey
Elanor Clemans,Elanor,Clemans
Herlinda Koch,Herlinda,Koch
Lavona Leverette,Lavona,Leverette
Kasey Caton,Kasey,Caton
Damien Borunda,Damien,Borunda
Solomon Upham,Solomon,Upham
Latasha Severa,Latasha,Severa
Jeri Delph,Jeri,Delph
Jess Cooter,Jess,Cooter
Dorcas Pinner,Dorcas,Pinner
Jed Bracken,Jed,Bracken
Sonny Caffrey,Sonny,Caffrey
Shaunna Earheart,Shaunna,Earheart
Cleo Godina,Cleo,Godina
Demetria Hanna,Demetria,Hanna
Terrilyn Stanko,Terrilyn,Stanko
My Ordonez,My,Ordonez
Hildegarde Mccurry,Hildegarde,Mccurry
Felton Strackbein,Felton,Strackbein
Teena Romney,Teena,Romney
Dara Suydam,Dara,Suydam
Jeanmarie Toepfer,Jeanmarie,Toepfer
Marci Badger,Marci,Badger
Marie Hornak,Marie,Hornak
Errol Swinford,Errol,Swinford
Tianna Mohamed,Tianna,Mohamed
Marc Whitsett,Marc,Whitsett
Shakia Wirta,Shakia,Wirta
Pilar Owen,Pilar,Owen
Denice Cozad,Denice,Cozad
Olive Coan,Olive,Coan
Elois Myles,Elois,Myles
Lorie Vawter,Lorie,Vawter
Irvin Duet,Irvin,Duet
Etsuko Adelson,Etsuko,Adelson
Annetta Deen,Annetta,Deen
Parker Riebe,Parker,Riebe
Launa Barajas,Launa,Barajas
Sylvie Murr,Sylvie,Murr
Nan Avera,Nan,Avera
Luna Trinh,Luna,Trinh
Cecilia Safford,Cecilia,Safford
Xochitl Strecker,Xochitl,Strecker
Starr Montenegro,Starr,Montenegro
Stephany Gehringer,Stephany,Gehringer
Ettie Mckeighan,Ettie,Mckeighan
Jacalyn Jaillet,Jacalyn,Jaillet
Murray Stalder,Murray,Stalder
Micaela Kubat,Micaela,Kubat
Ranae Haralson,Ranae,Haralson
Josphine Baird,Josphine,Baird
Alethea Kramp,Alethea,Kramp
Napoleon Schreckengost,Napoleon,Schreckengost
Sonja Thacker,Sonja,Thacker
Rita Mardis,Rita,Mardis
Jamel Keo,Jamel,Keo
August Villeneuve,August,Villeneuve
Guillermo Starbird,Guillermo,Starbird
Erick Booth,Erick,Booth
Darcel Schermerhorn,Darcel,Schermerhorn
Carson Yarman,Carson,Yarman
Marvella Beachy,Marvella,Beachy
Leann Vess,Leann,Vess
Val Mcfaul,Val,Mcfaul
Fred Mathers,Fred,Mathers
Manuela Deibert,Manuela,Deibert
Octavia Crisci,Octavia,Crisci
Barbar Legaspi,Barbar,Legaspi
Norman Sanders,Norman,Sanders
Darla Hoppes,Darla,Hoppes
Kalyn Hartt,Kalyn,Hartt
Mario Sparano,Mario,Sparano
Kaitlyn Chavous,Kaitlyn,Chavous
Tracee Fino,Tracee,Fino
Brad Mencer,Brad,Mencer
Devorah Rodden,Devorah,Rodden
Roselle Vandyke,Roselle,Vandyke
Ronna Bosque,Ronna,Bosque
Marin Lanser,Marin,Lanser
Cindi Grimm,Cindi,Grimm
Chang Gates,Chang,Gates
Violet Whittier,Violet,Whittier
Van Golightly,Van,Golightly
Lourie Dahlin,Lourie,Dahlin
Hui Furst,Hui,Furst
Louann Duguay,Louann,Duguay
Lilli Sobus,Lilli,Sobus
Adam Landaverde,Adam,Landaverde
Ai Blakeslee,Ai,Blakeslee
Lucie Vanriper,Lucie,Vanriper
Maile Durling,Maile,Durling
Lottie Lease,Lottie,Lease
Yukiko Landen,Yukiko,Landen
Oretha Regis,Oretha,Regis
Bell Majors,Bell,Majors
Maggie Beech,Maggie,Beech
Darleen Blazier,Darleen,Blazier
Lise Bowden,Lise,Bowden
Renate Ramsden,Renate,Ramsden
Shanta Lipscomb,Shanta,Lipscomb
America Dodrill,America,Dodrill
Elnora Icenhour,Elnora,Icenhour
Fernando Radabaugh,Fernando,Radabaugh
Eugenio Merola,Eugenio,Merola
Liana Todaro,Liana,Todaro
Bonnie Vanwagenen,Bonnie,Vanwagenen
Johanne Waid,Johanne,Waid
Nydia Paff,Nydia,Paff
Jasper Clouse,Jasper,Clouse
Serafina Seabrooks,Serafina,Seabrooks
Clifford Myerson,Clifford,Myerson
Genna Kober,Genna,Kober
Sanjuanita Steinhauer,Sanjuanita,Steinhauer
Dale Taveras,Dale,Taveras
Alice Fetter,Alice,Fetter
Annemarie Kurth,Annemarie,Kurth
Angle Bain,Angle,Bain
Easter Toups,Easter,Toups
Francis Buller,Francis,Buller
Edward Minyard,Edward,Minyard
Rashida Pooler,Rashida,Pooler
Xavier Farrand,Xavier,Farrand
Dorothea Wen,Dorothea,Wen
Cordelia Cheatam,Cordelia,Cheatam
Linette Dezern,Linette,Dezern
Concepcion Reichling,Concepcion,Reichling
Loyd Derossett,Loyd,Derossett
Korey Izzi,Korey,Izzi
Juliann Bermejo,Juliann,Bermejo
Mana Lofton,Mana,Lofton
Min Sweat,Min,Sweat
Melissia Minns,Melissia,Minns
Jennie Raskin,Jennie,Raskin
Joya Pacelli,Joya,Pacelli
Lucilla Hauptman,Lucilla,Hauptman
Audie Ulrich,Audie,Ulrich
Rico Liedtke,Rico,Liedtke
Sandie Smithers,Sandie,Smithers
Malcolm Crudup,Malcolm,Crudup
Willetta Needles,Willetta,Needles
Catherina Lagace,Catherina,Lagace
Edelmira Horning,Edelmira,Horning
Bibi Bourquin,Bibi,Bourquin
Mitch Paramore,Mitch,Paramore
Johnnie Vanderhoof,Johnnie,Vanderhoof
Amberly Holeman,Amberly,Holeman
Carlene Pryor,Carlene,Pryor
Joaquina Truby,Joaquina,Truby
Lia Gloor,Lia,Gloor
Francisco Loy,Francisco,Loy
Allan Awad,Allan,Awad
Su Worrell,Su,Worrell
Josue Manna,Josue,Manna
Georgianne Fluellen,Georgianne,Fluellen
Rosette Horvath,Rosette,Horvath
Roselyn Enciso,Roselyn,Enciso
Tory Heidrick,Tory,Heidrick
Maximina Currington,Maximina,Currington
Brittani Hansard,Brittani,Hansard
Evan Papazian,Evan,Papazian
Dolores Ousley,Dolores,Ousley
Bev Semon,Bev,Semon
Blanche Birney,Blanche,Birney
Darby Ostrem,Darby,Ostrem
Florene Battiste,Florene,Battiste
Filomena Rambin,Filomena,Rambin
Marya Verges,Marya,Verges
Roscoe Madill,Roscoe,Madill
Babette Joshua,Babette,Joshua
Jeanna Komar,Jeanna,Komar
Deloise Courchesne,Deloise,Courchesne
Casey Romberg,Casey,Romberg
Erika Coronado,Erika,Coronado
Abram Furtado,Abram,Furtado
Elisha Steveson,Elisha,Steveson
Jason Kazee,Jason,Kazee
Marcos Mcdivitt,Marcos,Mcdivitt
Bobby Hoff,Bobby,Hoff
Misty Sill,Misty,Sill
Marine Shomo,Marine,Shomo
Yaeko Medal,Yaeko,Medal
Moses Ribble,Moses,Ribble
Kary Clavette,Kary,Clavette
Carla Littleton,Carla,Littleton
Chastity Schreffler,Chastity,Schreffler
Vi Amundsen,Vi,Amundsen
Annabel Maddy,Annabel,Maddy
Karl Mechem,Karl,Mechem
Maple Klemp,Maple,Klemp
Barton Derr,Barton,Derr
Telma Gard,Telma,Gard
Steven Maynor,Steven,Maynor
Suzanne Devoe,Suzanne,Devoe
Farrah Mauro,Farrah,Mauro
Zulema Uchida,Zulema,Uchida
Tessie Vogel,Tessie,Vogel
Nam Orlandi,Nam,Orlandi
Karin Gately,Karin,Gately
Pearlene Heckard,Pearlene,Heckard
Suzann Mendes,Suzann,Mendes
Aleida Lukasik,Aleida,Lukasik
Tom Costantino,Tom,Costantino
Kimi Darlington,Kimi,Darlington
Melanie Cordell,Melanie,Cordell
Lester Ruddick,Lester,Ruddick
Lorinda Hallman,Lorinda,Hallman
Otha Massengill,Otha,Massengill
Dena Volkert,Dena,Volkert
Shannan Lalor,Shannan,Lalor
Sean Amsler,Sean,Amsler
Nicki Gebhard,Nicki,Gebhard
Tomeka Melder,Tomeka,Melder
Mozell Silcox,Mozell,Silcox
Angla Brassard,Angla,Brassard
Arden Stickler,Arden,Stickler
Nicol East,Nicol,East
Stan Wayt,Stan,Wayt
Stacy Juhasz,Stacy,Juhasz
Violette Trotta,Violette,Trotta
Sena Rasheed,Sena,Rasheed
Gita Thibert,Gita,Thibert
Cleora Ospina,Cleora,Ospina
Fredrick Andrus,Fredrick,Andrus
Alyssa Tondreau,Alyssa,Tondreau
Angelique Delbosque,Angelique,Delbosque
Ola Rowser,Ola,Rowser
Renaldo Hillin,Renaldo,Hillin
Lorenzo Janicki,Lorenzo,Janicki
Kathey Fauver,Kathey,Fauver
Isidro Cesar,Isidro,Cesar
Doreatha Hopps,Doreatha,Hopps
Karol Remington,Karol,Remington
Lynne Cathcart,Lynne,Cathcart
Micheal Grube,Micheal,Grube
Lemuel Durgin,Lemuel,Durgin
Tressa Fitzmaurice,Tressa,Fitzmaurice
Summer Dexter,Summer,Dexter
Kylee Lawyer,Kylee,Lawyer
Myesha Hasegawa,Myesha,Hasegawa
Brandee Colangelo,Brandee,Colangelo
Kenton Kirk,Kenton,Kirk
Shu Sedlock,Shu,Sedlock
Lesia Oakland,Lesia,Oakland
Rhona Gantz,Rhona,Gantz
Valeri Macintyre,Valeri,Macintyre
Randall Baltzell,Randall,Baltzell
Augustine Whatley,Augustine,Whatley
Marivel Funes,Marivel,Funes
Sona Wemple,Sona,Wemple
Raymond Murrin,Raymond,Murrin
Tona Mccombs,Tona,Mccombs
Moshe Sholes,Moshe,Sholes
Gertrudis Bertin,Gertrudis,Bertin
Annamaria Constante,Annamaria,Constante
Leanne Tsuji,Leanne,Tsuji
Bennie Errico,Bennie,Errico
Merlene Rubino,Merlene,Rubino
Tanna Tedesco,Tanna,Tedesco
Paulita Martina,Paulita,Martina
Shamika Kennedy,Shamika,Kennedy
Mahalia Yeoman,Mahalia,Yeoman
Katelin Whalen,Katelin,Whalen
Cheryle Yawn,Cheryle,Yawn
Deirdre Keltner,Deirdre,Keltner
Johnna Bristow,Johnna,Bristow
Ashely Gammons,Ashely,Gammons
Gina Gayman,Gina,Gayman
Loretta Strawn,Loretta,Strawn
Shaquana Wilbur,Shaquana,Wilbur
Wonda Jessen,Wonda,Jessen
Annalee Etheredge,Annalee,Etheredge
Yetta Human,Yetta,Human
Basilia Spradley,Basilia,Spradley
Laci Reyes,Laci,Reyes
Jude Cieslak,Jude,Cieslak
Adina Immel,Adina,Immel
Laree Stupka,Laree,Stupka
Terese Fargo,Terese,Fargo
Mel Simser,Mel,Simser
Halina Ishee,Halina,Ishee
Erma Dinkins,Erma,Dinkins
Kathrine Seeman,Kathrine,Seeman
Christi Ganley,Christi,Ganley
Hipolito Reali,Hipolito,Reali
Krissy Hildebrant,Krissy,Hildebrant
Bella Weisner,Bella,Weisner
Ivelisse Finlay,Ivelisse,Finlay
Nicholle Maddux,Nicholle,Maddux
Melinda Petrosino,Melinda,Petrosino
Blossom Mazzoni,Blossom,Mazzoni
Joann Bivens,Joann,Bivens
Maryanna Lippert,Maryanna,Lippert
Rogelio Lauria,Rogelio,Lauria
Melaine Rutten,Melaine,Rutten
Gia Shelby,Gia,Shelby
Frederica Minnich,Frederica,Minnich
Wendie Mckinnis,Wendie,Mckinnis
Camila Kneip,Camila,Kneip
Fe Sikorski,Fe,Sikorski
Carleen Judson,Carleen,Judson
Meryl Decaro,Meryl,Decaro
Rona Evert,Rona,Evert
Majorie Paschke,Majorie,Paschke
Guy Scarpa,Guy,Scarpa
Lorrine Dobrowolski,Lorrine,Dobrowolski
Dede Quebedeaux,Dede,Quebedeaux
Shantell Netzer,Shantell,Netzer
Yvone Leeman,Yvone,Leeman
Olene Billiot,Olene,Billiot
Dallas Wilderman,Dallas,Wilderman
Lisbeth Trapani,Lisbeth,Trapani
Rana Byington,Rana,Byington
Tam Giuffre,Tam,Giuffre
Nadene Dumbleton,Nadene,Dumbleton
Dane Pardue,Dane,Pardue
Bruno Montesinos,Bruno,Montesinos
Vesta Hosey,Vesta,Hosey
Gidget Gianni,Gidget,Gianni
Damion Ardon,Damion,Ardon
Lashaunda Borgia,Lashaunda,Borgia
Chung Miers,Chung,Miers
Teisha Keena,Teisha,Keena
Joette Franzen,Joette,Franzen
Emmaline Silveira,Emmaline,Silveira
Mohamed Barbosa,Mohamed,Barbosa
Alejandrina Berrett,Alejandrina,Berrett
Melvin Early,Melvin,Early
Grover Asper,Grover,Asper
Noma Schantz,Noma,Schantz
Berneice Luellen,Berneice,Luellen
Louvenia Spagnola,Louvenia,Spagnola
Deandrea Brutus,Deandrea,Brutus
Marketta Whetsel,Marketta,Whetsel
Sofia Burwell,Sofia,Burwell
Randal Fleetwood,Randal,Fleetwood
Latoyia Swiderski,Latoyia,Swiderski
Geoffrey Fields,Geoffrey,Fields
Mia Huguley,Mia,Huguley
Jone Respass,Jone,Respass
Edna Poindexter,Edna,Poindexter
Dan Gormley,Dan,Gormley
Kenny Royal,Kenny,Royal
Cyrus Bourg,Cyrus,Bourg
Ardelle Rocca,Ardelle,Rocca
Gaye Barile,Gaye,Barile
Nell Darcy,Nell,Darcy
Odessa Sondag,Odessa,Sondag
Beryl Jeffrey,Beryl,Jeffrey
Lynette Aberle,Lynette,Aberle
Sumiko Mash,Sumiko,Mash
Julianne Borman,Julianne,Borman
Jermaine Carrol,Jermaine,Carrol
Morgan Thome,Morgan,Thome
Burton Shuler,Burton,Shuler
Cami Cody,Cami,Cody
Karla Iskra,Karla,Iskra
Avis Concepcion,Avis,Concepcion
Bettyann Chase,Bettyann,Chase
Mallory Rondon,Mallory,Rondon
Jaclyn Fried,Jaclyn,Fried
Katharine Kohout,Katharine,Kohout
Alden Brookover,Alden,Brookover
Gordon Hilaire,Gordon,Hilaire
Ilana Flake,Ilana,Flake
Stella Mershon,Stella,Mershon
Ilse Huffer,Ilse,Huffer
Elouise Weathers,Elouise,Weathers
Susy Cavazos,Susy,Cavazos
Alix Beahm,Alix,Beahm
Marguerita Morra,Marguerita,Morra
Digna Hayter,Digna,Hayter
Markus Pollan,Markus,Pollan
Julia Taing,Julia,Taing
Eveline Kea,Eveline,Kea
Shirely Printup,Shirely,Printup
Elsie Saunders,Elsie,Saunders
Linn Faulkner,Linn,Faulkner
Lenna Unsworth,Lenna,Unsworth
Nickolas Eiler,Nickolas,Eiler
Lorri Melgarejo,Lorri,Melgarejo
Ok Casteel,Ok,Casteel
Kennith Calaway,Kennith,Calaway
Toshia Smitherman,Toshia,Smitherman
Florance Campuzano,Florance,Campuzano
Clarita Herder,Clarita,Herder
Vance Brummond,Vance,Brummond
Vannesa Nicklas,Vannesa,Nicklas
Earleen Schupp,Earleen,Schupp
Gisela Kandoll,Gisela,Kandoll
Dann Autrey,Dann,Autrey
Melani Riccardi,Melani,Riccardi
Shelly Seagle,Shelly,Seagle
Latrice Hitz,Latrice,Hitz
Librada Derby,Librada,Derby
Rae Pablo,Rae,Pablo
Elfrieda Schmitmeyer,Elfrieda,Schmitmeyer
Lora Epping,Lora,Epping
Lillie Elgin,Lillie,Elgin
Avril Leffel,Avril,Leffel
Jan Tietjen,Jan,Tietjen
Shae Tevis,Shae,Tevis
Freda Shorts,Freda,Shorts
Harmony Hoosier,Harmony,Hoosier
Anderson Mossey,Anderson,Mossey
Micah Sais,Micah,Sais
Asuncion Herbert,Asuncion,Herbert
Lieselotte Larosa,Lieselotte,Larosa
Tammera Oba,Tammera,Oba
Lianne Haas,Lianne,Haas
Domingo Dinan,Domingo,Dinan
Catherine Coss,Catherine,Coss
Karima Salais,Karima,Salais
Janelle Michelle,Janelle,Michelle
Joslyn Samsel,Joslyn,Samsel
Soraya Costales,Soraya,Costales
Rosie Fambro,Rosie,Fambro
Rosemary Maillet,Rosemary,Maillet
Danilo Brotherton,Danilo,Brotherton
Hanna Hendrix,Hanna,Hendrix
Kena Garside,Kena,Garside
Lacie Ristow,Lacie,Ristow
Frederic Virden,Frederic,Virden
Pat Hein,Pat,Hein
Vivian Tamplin ,Vivian,Tamplin 
